{
  "best": {
    "params": {
      "pix": {
        "w": [
          0.014944,
          0.014944,
          0.014944,
          0.014944
        ],
        "rxy": 1.328531e-05,
        "rz": 1.328531e-05,
        "pos": [
          0.0,
          0.0,
          0.0,
          0.0
        ]
      },
      "sst": {
        "w": [
          0.008480623627879607,
          0.008480623627879607,
          0.008480623627879607,
          0.008480623627879607
        ],
        "rxy": 3.965867752718529e-05,
        "rz": 0.0013999627725274572,
        "pos": [
          0.042248540360218544,
          -0.03648970155192548,
          0.012487413754983141,
          0.016053054709615665
        ]
      },
      "lst": {
        "w": [
          0.0018859134744515877,
          0.0018859134744515877
        ],
        "rxy": 6.294331578941921e-05,
        "rz": 9999.0,
        "pos": [
          -0.1978827777591748,
          0.0331576936304708
        ]
      }
    },
    "diff": 0.05484139671356408,
    "chi2": 34.74668325008788,
    "obj": 34.74668325008788
  },
  "objective": "chi2"
}