{
  "best": {
    "params": {
      "pix": {
        "w": [
          0.014944,
          0.014944,
          0.014944,
          0.014944
        ],
        "rxy": 1.328531e-05,
        "rz": 1.328531e-05,
        "pos": [
          0.0,
          0.0,
          0.0,
          0.0
        ]
      },
      "sst": {
        "w": [
          0.008957923771426781,
          0.008957923771426781,
          0.008957923771426781,
          0.008957923771426781
        ],
        "rxy": 2.1200405903174167e-05,
        "rz": 0.0008354909291801055,
        "pos": [
          0.0491451833649327,
          -0.2,
          0.051619227542992835,
          0.012042228863758586
        ]
      },
      "lst": {
        "w": [
          0.0006937998199222362,
          0.0006937998199222362
        ],
        "rxy": 6.22983214126324e-05,
        "rz": 9999.0,
        "pos": [
          0.04564851421648064,
          -0.1323279590384308
        ]
      }
    },
    "diff": 0.07796008140607874,
    "chi2": 113.85606803768616,
    "obj": 113.85606803768616
  },
  "objective": "chi2"
}