{
  "best": {
    "w": 0.047175804462149695,
    "resxy": 1.0107075021589344e-05,
    "resz": 1.835292870193272e-05,
    "pos": [
      -0.009999988851341688,
      -0.01,
      0.01,
      0.00221557515179469
    ],
    "diff": 8.6212484976953,
    "chi2": 1421293.0000380462,
    "obj": 1421293.0000380462
  },
  "objective": "chi2"
}