{
  "best": {
    "widths": [
      0.0,
      0.0,
      0.0,
      0.0
    ],
    "resxy": 1.322220039367676e-05,
    "resz": 1.3798872232437134e-05,
    "pos": [
      -0.0005,
      -0.005145501832878381,
      -0.00618311073462246,
      -0.0023136284812156874
    ],
    "diff": 0.14951487617412917,
    "chi2": 223.51355434937855,
    "obj": 223.51355434937855
  },
  "objective": "chi2"
}