{
  "best": {
    "widths": [
      0.014944378662109374,
      0.014944378662109374,
      0.014944378662109374,
      0.014944378662109374
    ],
    "resxy": 1.328531494140625e-05,
    "resz": 1.328531494140625e-05,
    "pos": [
      -2.4529528827014224e-05,
      0.0006698408869249258,
      -0.0009257914839876069,
      -0.00166706161500188
    ],
    "diff": 0.04441588744504976,
    "chi2": 23.154916035194418,
    "obj": 23.154916035194418
  },
  "objective": "chi2",
  "modes": {
    "WIDTHS_TIED": true,
    "RES_TIED": true,
    "OPTIMIZE_WIDTHS": true,
    "OPTIMIZE_RES": true,
    "OPTIMIZE_POS": true
  }
}