{
  "best": {
    "widths": [
      0.014814331054687503,
      0.014814331054687503,
      0.014814331054687503,
      0.014814331054687503
    ],
    "resxy": 1.3394147983398438e-05,
    "resz": 1.3394147983398438e-05,
    "pos": [
      -0.00028976555321754663,
      -0.00022868875017430977,
      -0.0013584132859573508,
      -0.001040268768096899
    ],
    "diff": 0.03277076170989146,
    "chi2": 16.41905248895835,
    "obj": 16.41905248895835
  },
  "objective": "chi2",
  "modes": {
    "WIDTHS_TIED": true,
    "RES_TIED": true,
    "OPTIMIZE_WIDTHS": true,
    "OPTIMIZE_RES": true,
    "OPTIMIZE_POS": true
  }
}