{
  "best": {
    "widths": [
      0.007794450456061623,
      0.007794450456061623,
      0.007794450456061623,
      0.007794450456061623
    ],
    "resxy": 4.1700120908149565e-05,
    "resz": 0.008793391357125226,
    "pos": [
      0.07180369017786642,
      0.04462610448954221,
      -0.08188204038691933,
      0.04811615788895178
    ],
    "diff": 0.14564464225363538,
    "chi2": 251.8080135389917,
    "obj": 251.8080135389917
  },
  "objective": "chi2"
}